-- delete
--DELETE FROM LASTROOM;
--DELETE FROM DIRECTGROUPS;
--DELETE FROM CHATLOG;
--DELETE FROM JOINROOM;
--DELETE FROM ROOMS;
--DELETE FROM USERS;
--COMMIT;

-- insert
INSERT INTO USERS (USERID, USERNAME, MAILADDRESS, PASSWORD, STATE, LOGIN_DATE, MISS_COUNT)
	VALUES ('U0000', 'Admin', 'admin@swack.com', 'swack0000', null, CURRENT_TIMESTAMP, 0);
INSERT INTO USERS (USERID, USERNAME, MAILADDRESS, PASSWORD, STATE, LOGIN_DATE, MISS_COUNT)
	VALUES ('U0001', '伊藤裕太', 'ItoYuta@swack.com', 'itoYuta', null, CURRENT_TIMESTAMP, 0);
INSERT INTO USERS (USERID, USERNAME, MAILADDRESS, PASSWORD, STATE, LOGIN_DATE, MISS_COUNT)
	VALUES ('U0002', '渡辺美咲', 'WatanabeMisaki@swack.com', 'misakiWatanabe', null, CURRENT_TIMESTAMP, 0);
INSERT INTO USERS (USERID, USERNAME, MAILADDRESS, PASSWORD, STATE, LOGIN_DATE, MISS_COUNT)
	VALUES ('U0003', '小林拓也', 'KobayashiTakuya@swack.com', 'takuyaKobayashi', null, CURRENT_TIMESTAMP, 0);
INSERT INTO USERS (USERID, USERNAME, MAILADDRESS, PASSWORD, STATE, LOGIN_DATE, MISS_COUNT)
	VALUES ('U0004', '井上真央', 'InoueMao@swack.com', 'maoInoue', null, CURRENT_TIMESTAMP, 0);

INSERT INTO ROOMS (ROOMID, ROOMNAME, CREATEDUSERID, DIRECTED, PRIVATED)
	VALUES ('R0000', 'everyone', 'U0000', FALSE, FALSE);
INSERT INTO ROOMS (ROOMID, ROOMNAME, CREATEDUSERID, DIRECTED, PRIVATED)
	VALUES ('R0001', 'techTalks', 'U0000', FALSE, FALSE);
INSERT INTO ROOMS (ROOMID, ROOMNAME, CREATEDUSERID, DIRECTED, PRIVATED)
	VALUES ('R0002', 'foodiesCorner', 'U0001', FALSE, FALSE);
INSERT INTO ROOMS (ROOMID, ROOMNAME, CREATEDUSERID, DIRECTED, PRIVATED)
	VALUES ('R0003', 'PU0001,U0002', 'U0000', TRUE, TRUE);
INSERT INTO ROOMS (ROOMID, ROOMNAME, CREATEDUSERID, DIRECTED, PRIVATED)
	VALUES ('R0004', 'PU0002,U0003', 'U0000', TRUE, TRUE);
INSERT INTO ROOMS (ROOMID, ROOMNAME, CREATEDUSERID, DIRECTED, PRIVATED)
	VALUES ('R0005', 'PU0003,U0004', 'U0000', TRUE, TRUE);
INSERT INTO ROOMS (ROOMID, ROOMNAME, CREATEDUSERID, DIRECTED, PRIVATED)
	VALUES ('R0006', 'PU0001,U0004', 'U0000', TRUE, TRUE);
	
INSERT INTO JOINROOM (ROOMID, USERID)
	VALUES ('R0000', 'U0000');
INSERT INTO JOINROOM (ROOMID, USERID)
	VALUES ('R0000', 'U0001');
INSERT INTO JOINROOM (ROOMID, USERID)
	VALUES ('R0000', 'U0002');
INSERT INTO JOINROOM (ROOMID, USERID)
	VALUES ('R0000', 'U0003');
INSERT INTO JOINROOM (ROOMID, USERID)
	VALUES ('R0000', 'U0004');
INSERT INTO JOINROOM (ROOMID, USERID)
	VALUES ('R0001', 'U0000');
INSERT INTO JOINROOM (ROOMID, USERID)
	VALUES ('R0001', 'U0001');
INSERT INTO JOINROOM (ROOMID, USERID)
	VALUES ('R0001', 'U0002');
INSERT INTO JOINROOM (ROOMID, USERID)
	VALUES ('R0002', 'U0000');
INSERT INTO JOINROOM (ROOMID, USERID)
	VALUES ('R0002', 'U0003');
INSERT INTO JOINROOM (ROOMID, USERID)
	VALUES ('R0002', 'U0004');
INSERT INTO JOINROOM (ROOMID, USERID)
	VALUES ('R0003', 'U0000');
INSERT INTO JOINROOM (ROOMID, USERID)
	VALUES ('R0003', 'U0001');
INSERT INTO JOINROOM (ROOMID, USERID)
	VALUES ('R0003', 'U0002');
INSERT INTO JOINROOM (ROOMID, USERID)
	VALUES ('R0004', 'U0000');
INSERT INTO JOINROOM (ROOMID, USERID)
	VALUES ('R0004', 'U0002');
INSERT INTO JOINROOM (ROOMID, USERID)
	VALUES ('R0004', 'U0003');
INSERT INTO JOINROOM (ROOMID, USERID)
	VALUES ('R0005', 'U0000');
INSERT INTO JOINROOM (ROOMID, USERID)
	VALUES ('R0005', 'U0003');
INSERT INTO JOINROOM (ROOMID, USERID)
	VALUES ('R0005', 'U0004');
INSERT INTO JOINROOM (ROOMID, USERID)
	VALUES ('R0006', 'U0000');
INSERT INTO JOINROOM (ROOMID, USERID)
	VALUES ('R0006', 'U0001');
INSERT INTO JOINROOM (ROOMID, USERID)
	VALUES ('R0006', 'U0004');

INSERT INTO CHATLOG (CHATLOGID, ROOMID, USERID, MESSAGE, CREATED_AT)
	VALUES (nextval('CHATLOGID_SEQ'), 'R0000', 'U0001', 'はじめまして！よろしくお願いします！', CURRENT_TIMESTAMP);
INSERT INTO CHATLOG (CHATLOGID, ROOMID, USERID, MESSAGE, CREATED_AT)
	VALUES (nextval('CHATLOGID_SEQ'), 'R0000', 'U0002', 'こんにちは。よろしくお願いします。', CURRENT_TIMESTAMP);
INSERT INTO CHATLOG (CHATLOGID, ROOMID, USERID, MESSAGE, CREATED_AT)
	VALUES (nextval('CHATLOGID_SEQ'), 'R0001', 'U0001', '何かおすすめのツールやトレンドはありますか？', CURRENT_TIMESTAMP);
INSERT INTO CHATLOG (CHATLOGID, ROOMID, USERID, MESSAGE, CREATED_AT)
	VALUES (nextval('CHATLOGID_SEQ'), 'R0001', 'U0003', 'ChatGPT-4がおすすめです。ぜひ課金してみてください', CURRENT_TIMESTAMP);
INSERT INTO CHATLOG (CHATLOGID, ROOMID, USERID, MESSAGE, CREATED_AT)
	VALUES (nextval('CHATLOGID_SEQ'), 'R0002', 'U0004', '最近見つけた近所のイタリアンレストラン、パスタが絶品で感動しました。', CURRENT_TIMESTAMP);
INSERT INTO CHATLOG (CHATLOGID, ROOMID, USERID, MESSAGE, CREATED_AT)
	VALUES (nextval('CHATLOGID_SEQ'), 'R0002', 'U0002', 'おお、それは気になりますね！今度行ってみようかな。', CURRENT_TIMESTAMP);

INSERT INTO LASTROOM (USERID,ROOMID) VALUES('U0000','R0000');
INSERT INTO LASTROOM (USERID,ROOMID) VALUES('U0001','R0000');
INSERT INTO LASTROOM (USERID,ROOMID) VALUES('U0002','R0000');
INSERT INTO LASTROOM (USERID,ROOMID) VALUES('U0003','R0000');
INSERT INTO LASTROOM (USERID,ROOMID) VALUES('U0004','R0000');

COMMIT;
